{
  "training_duration": "03:03:51",
  "training_start_epoch": 0,
  "training_epochs": 65,
  "epoch": 65,
  "best_epoch": 29,
  "best_validation_coref_precision": 0.5876112314497942,
  "best_validation_coref_recall": 0.4601787076536367,
  "best_validation_coref_f1": 0.5153950236866468,
  "best_validation_mention_recall": 0.8792482380579483,
  "best_validation_loss": 84.98255892811511,
  "training_coref_precision": 0.6539236705677909,
  "training_coref_recall": 0.4640777621425305,
  "training_coref_f1": 0.5410007344893443,
  "training_mention_recall": 0.8894431658931073,
  "training_loss": 17.754004022535362,
  "validation_coref_precision": 0.6026511109741808,
  "validation_coref_recall": 0.4449166047208084,
  "validation_coref_f1": 0.5105252102112351,
  "validation_mention_recall": 0.8762725137039937,
  "validation_loss": 116.3511260831267,
  "test_coref_precision": 0.5842739159273208,
  "test_coref_recall": 0.45717904099848133,
  "test_coref_f1": 0.5118953226384106,
  "test_mention_recall": 0.8875733657154422
}