{
  "training_duration": "06:11:33",
  "training_start_epoch": 0,
  "training_epochs": 104,
  "epoch": 104,
  "best_epoch": 94,
  "best_validation_coref_precision": 0.6825003778139577,
  "best_validation_coref_recall": 0.5432236438103077,
  "best_validation_coref_f1": 0.6045631344611692,
  "best_validation_mention_recall": 0.9012790394152963,
  "best_validation_loss": 61.46400862030886,
  "training_coref_precision": 0.8002512138983041,
  "training_coref_recall": 0.6167296930792857,
  "training_coref_f1": 0.6960308417870026,
  "training_mention_recall": 0.9228454981421721,
  "training_loss": 27.48817948936213,
  "validation_coref_precision": 0.6815417219708563,
  "validation_coref_recall": 0.5422791268123092,
  "validation_coref_f1": 0.6036250988997675,
  "validation_mention_recall": 0.9016444792482381,
  "validation_loss": 61.44471572328266,
  "test_coref_precision": 0.6810106059677027,
  "test_coref_recall": 0.5496706392744778,
  "test_coref_f1": 0.6079226385177263,
  "test_mention_recall": 0.9092289010321797
}