{
  "training_duration": "04:56:36",
  "training_start_epoch": 0,
  "training_epochs": 91,
  "epoch": 91,
  "best_epoch": 81,
  "best_validation_coref_precision": 0.6429340130537754,
  "best_validation_coref_recall": 0.512623730515224,
  "best_validation_coref_f1": 0.5696956669264298,
  "best_validation_mention_recall": 0.8941790655181415,
  "best_validation_loss": 77.64704566201875,
  "training_coref_precision": 0.7334134979833616,
  "training_coref_recall": 0.5574232023594211,
  "training_coref_f1": 0.632325001211363,
  "training_mention_recall": 0.9094742796898906,
  "training_loss": 22.898160518043717,
  "validation_coref_precision": 0.6408011153529977,
  "validation_coref_recall": 0.5106248690070916,
  "validation_coref_f1": 0.567796228067045,
  "validation_mention_recall": 0.8932915687809971,
  "validation_loss": 77.11927926189024,
  "test_coref_precision": 0.6381238458209469,
  "test_coref_recall": 0.5161614255279912,
  "test_coref_f1": 0.5698491067344472,
  "test_mention_recall": 0.9036126290224651
}