{
  "training_duration": "07:50:12",
  "training_start_epoch": 0,
  "training_epochs": 117,
  "epoch": 117,
  "best_epoch": 107,
  "best_validation_coref_precision": 0.6782214157685219,
  "best_validation_coref_recall": 0.5491234068874108,
  "best_validation_coref_f1": 0.6065690446991475,
  "best_validation_mention_recall": 0.9024275646045419,
  "best_validation_loss": 59.51442865177116,
  "training_coref_precision": 0.8069653049492148,
  "training_coref_recall": 0.6323353615884068,
  "training_coref_f1": 0.7086847817282456,
  "training_mention_recall": 0.925629025829594,
  "training_loss": 28.125227739925492,
  "validation_coref_precision": 0.6762077167195663,
  "validation_coref_recall": 0.5488366028178792,
  "validation_coref_f1": 0.6055981309185824,
  "validation_mention_recall": 0.9024275646045419,
  "validation_loss": 59.528321187930324,
  "test_coref_precision": 0.677350087519906,
  "test_coref_recall": 0.5575319225740135,
  "test_coref_f1": 0.6113578092324204,
  "test_mention_recall": 0.9109492005666869
}