{
  "training_duration": "05:36:16",
  "training_start_epoch": 0,
  "training_epochs": 96,
  "epoch": 96,
  "best_epoch": 86,
  "best_validation_coref_precision": 0.6762872652882659,
  "best_validation_coref_recall": 0.5406022932404794,
  "best_validation_coref_f1": 0.6004724400924842,
  "best_validation_mention_recall": 0.8991386061080657,
  "best_validation_loss": 62.51314978154631,
  "training_coref_precision": 0.7925606324073521,
  "training_coref_recall": 0.6117658268961329,
  "training_coref_f1": 0.6898770967784107,
  "training_mention_recall": 0.9210648118386711,
  "training_loss": 26.55072824753972,
  "validation_coref_precision": 0.6776852846230099,
  "validation_coref_recall": 0.5381032414620278,
  "validation_coref_f1": 0.5994561154303583,
  "validation_mention_recall": 0.8990341947272252,
  "validation_loss": 63.29948073347797,
  "test_coref_precision": 0.6680949342866925,
  "test_coref_recall": 0.5432394467908898,
  "test_coref_f1": 0.5987436016415858,
  "test_mention_recall": 0.9070532280914795
}