{
  "training_duration": "04:00:09",
  "training_start_epoch": 0,
  "training_epochs": 81,
  "epoch": 81,
  "best_epoch": 71,
  "best_validation_coref_precision": 0.5998722861064326,
  "best_validation_coref_recall": 0.47183918895636223,
  "best_validation_coref_f1": 0.527500428449401,
  "best_validation_mention_recall": 0.8849386583137562,
  "best_validation_loss": 105.76474013375885,
  "training_coref_precision": 0.6504346807344291,
  "training_coref_recall": 0.4768956158310873,
  "training_coref_f1": 0.5489765182858024,
  "training_mention_recall": 0.8939752375319816,
  "training_loss": 18.51908277964148,
  "validation_coref_precision": 0.5985966336783328,
  "validation_coref_recall": 0.46931932085103134,
  "validation_coref_f1": 0.5253072525207593,
  "validation_mention_recall": 0.8846254241712347,
  "validation_loss": 108.92342741840143,
  "test_coref_precision": 0.5946177780565717,
  "test_coref_recall": 0.46900249811752276,
  "test_coref_f1": 0.5236324800944474,
  "test_mention_recall": 0.8932402347702895
}