{
  "training_duration": "06:37:36",
  "training_start_epoch": 0,
  "training_epochs": 108,
  "epoch": 108,
  "best_epoch": 98,
  "best_validation_coref_precision": 0.6843791259406086,
  "best_validation_coref_recall": 0.49819589121297225,
  "best_validation_coref_f1": 0.5751267509753317,
  "best_validation_mention_recall": 0.896319498825372,
  "best_validation_loss": 74.67661852966832,
  "training_coref_precision": 0.8052255923525475,
  "training_coref_recall": 0.5497170141632708,
  "training_coref_f1": 0.6517089760098002,
  "training_mention_recall": 0.9102778384911094,
  "training_loss": 20.891636878226166,
  "validation_coref_precision": 0.6838648125315024,
  "validation_coref_recall": 0.4966632733481117,
  "validation_coref_f1": 0.5739148733429575,
  "validation_mention_recall": 0.8962150874445315,
  "validation_loss": 75.79669301901501,
  "test_coref_precision": 0.6795515261961601,
  "test_coref_recall": 0.4997497356500187,
  "test_coref_f1": 0.5747214046634741,
  "test_mention_recall": 0.9037644201578627
}