{
  "training_duration": "03:27:34",
  "training_start_epoch": 0,
  "training_epochs": 67,
  "epoch": 67,
  "best_epoch": 57,
  "best_validation_coref_precision": 0.673294621639868,
  "best_validation_coref_recall": 0.4595470239188133,
  "best_validation_coref_f1": 0.5440647479957629,
  "best_validation_mention_recall": 0.8883842338814931,
  "best_validation_loss": 83.73284410532162,
  "training_coref_precision": 0.7596801592205017,
  "training_coref_recall": 0.4795884355354391,
  "training_coref_f1": 0.5849932777880361,
  "training_mention_recall": 0.9007572738142686,
  "training_loss": 19.963931096658836,
  "validation_coref_precision": 0.6731860745922126,
  "validation_coref_recall": 0.45286456691738813,
  "validation_coref_f1": 0.5394140417366852,
  "validation_mention_recall": 0.8923518663534326,
  "validation_loss": 92.1087785796113,
  "test_coref_precision": 0.6709479799491461,
  "test_coref_recall": 0.4581418822014862,
  "test_coref_f1": 0.5419040136555272,
  "test_mention_recall": 0.8949605343047966
}