{
  "training_duration": "05:56:54",
  "training_start_epoch": 0,
  "training_epochs": 81,
  "epoch": 81,
  "best_epoch": 71,
  "best_validation_coref_precision": 0.6759547177917179,
  "best_validation_coref_recall": 0.5228079354457371,
  "best_validation_coref_f1": 0.5888380801652285,
  "best_validation_mention_recall": 0.9016966849386583,
  "best_validation_loss": 64.08554166447101,
  "training_coref_precision": 0.8018739560855862,
  "training_coref_recall": 0.5729970689764644,
  "training_coref_f1": 0.6672586230388425,
  "training_mention_recall": 0.9166677380784016,
  "training_loss": 24.351772426414616,
  "validation_coref_precision": 0.6786763774446212,
  "validation_coref_recall": 0.5185240269806118,
  "validation_coref_f1": 0.5871517112043934,
  "validation_mention_recall": 0.9019577133907596,
  "validation_loss": 66.79024741593152,
  "test_coref_precision": 0.6754206080698381,
  "test_coref_recall": 0.5245856672866837,
  "test_coref_f1": 0.5899065484368387,
  "test_mention_recall": 0.9088747217162517
}