{
  "training_duration": "06:07:16",
  "training_start_epoch": 0,
  "training_epochs": 94,
  "epoch": 94,
  "best_epoch": 84,
  "best_validation_coref_precision": 0.6877343607402616,
  "best_validation_coref_recall": 0.48874557946750546,
  "best_validation_coref_f1": 0.5700545737693069,
  "best_validation_mention_recall": 0.8999216914643696,
  "best_validation_loss": 80.04710489963134,
  "training_coref_precision": 0.7966679796109579,
  "training_coref_recall": 0.5379455619521444,
  "training_coref_f1": 0.640241509508643,
  "training_mention_recall": 0.9121420949099371,
  "training_loss": 21.051219978518972,
  "validation_coref_precision": 0.6900999634451802,
  "validation_coref_recall": 0.486498278791841,
  "validation_coref_f1": 0.5692355378077264,
  "validation_mention_recall": 0.9001305142260506,
  "validation_loss": 80.86720795150332,
  "test_coref_precision": 0.685615757141704,
  "test_coref_recall": 0.4970495363237219,
  "test_coref_f1": 0.5746496622881162,
  "test_mention_recall": 0.9061424812790932
}